<?xml version="1.0" encoding="UTF-8"?>
<project-private xmlns="http://www.netbeans.org/ns/project-private/1">
    <editor-bookmarks xmlns="http://www.netbeans.org/ns/editor-bookmarks/2" lastBookmarkId="0"/>
    <open-files xmlns="http://www.netbeans.org/ns/projectui-open-files/2">
        <group>
            <file>file:/C:/Users/nekoy/OneDrive/Máy%20tính/Project1/Project1/src/java/control/SearchByAjax.java</file>
            <file>file:/C:/Users/nekoy/OneDrive/Máy%20tính/Project1/Project1/web/index.jsp</file>
        </group>
    </open-files>
</project-private>
